{"epoch": 2, "train loss": 0.2650607605190838, "val loss": 0.21489246680655263, "train mIoU": 0.659824496104893, "val mIoU": 0.6307677921473182, "train accuracy": 0.8976765052945006, "val accuracy": 0.9137770912863992, "_timestamp": 1672339674.5470378, "_runtime": 176.56957387924194, "_step": 1}